{"cameraMode":{"drawMode":0,"name":"Shaded","section":"Shading Mode"},"sceneLighting":true,"audioPlay":false,"sceneViewState":{"showFog":true,"showMaterialUpdate":false,"showSkybox":true,"showFlares":true,"showImageEffects":true,"showParticleSystems":true},"in2DMode":false,"pivot":{"x":4.88990592956543,"y":10.214702606201172,"z":-2.088778495788574},"rotation":{"x":0.08739383518695831,"y":-0.8786625862121582,"z":0.17656800150871278,"w":0.4349020719528198},"size":16.471721649169923,"orthographic":false}